<?xml version="1.0" encoding="UTF-8" standalone="no"?>
<QE>
<Segment id="Pin">
<Setting id="66" value="ET0_MDC"/>
<Setting id="55" value="RMII0_TXD0"/>
<Setting id="11" value="XTAL"/>
<Setting id="67" value="ET0_MDIO"/>
<Setting id="56" value="RMII0_TXD_EN"/>
<Setting id="13" value="EXTAL"/>
<Setting id="57" value="RMII0_RX_ER"/>
<Setting id="58" value="REF50CK0"/>
<Setting id="59" value="RMII0_RXD0"/>
<Setting id="61" value="RMII0_RXD1"/>
<Setting id="53" value="RMII0_CRS_DV"/>
<Setting id="65" value="ET0_LINKSTA"/>
<Setting id="54" value="RMII0_TXD1"/>
</Segment>
<Segment id="Device">
<Setting id="Series" value="RX600"/>
<Setting id="Group" value="RX65N"/>
<Setting id="PartNo" value="R5F565NEHxFP"/>
<Setting id="PinCount" value="100"/>
</Segment>
<Segment id="Component">
<Setting id="r_bsp" value="FIT"/>
<Setting id="r_cmt_rx" value="FIT"/>
<Setting id="r_ether_rx" value="FIT"/>
<Setting id="r_t4_rx" value="FIT"/>
<Setting id="r_t4_driver_rx" value="FIT"/>
<Setting id="r_sys_time_rx" value="FIT"/>
</Segment>
<Segment id="Clock">
<Setting id="PCLKD" value="60000.0"/>
<Setting id="CacMCLK" value="12000.0"/>
<Setting id="PCLKB" value="60000.0"/>
<Setting id="VCC" value="3.3"/>
<Setting id="PCLKC" value="60000.0"/>
<Setting id="BusCLK" value="120000.0"/>
<Setting id="PCLKA" value="120000.0"/>
<Setting id="ICLK" value="120000.0"/>
<Setting id="FCLK" value="60000.0"/>
<Setting id="SysCLKSrc" value="4.0"/>
<Setting id="ExtCLK" value="12000.0"/>
</Segment>
</QE>
