<?xml version="1.0" encoding="UTF-8" standalone="yes"?>
<FITMODULE xmlns:ns2="com.renesas.tools.fitconfigurator.settings.SerializeData" xmlns:xsi="http://www.w3.org/2001/XMLSchema-instance" xsi:schemaLocation="">
    <selectedModules>
        <name>r_bsp</name>
        <version>3.40</version>
    </selectedModules>
    <selectedModules>
        <name>r_cmt_rx</name>
        <version>3.00</version>
    </selectedModules>
    <selectedModules>
        <name>r_ether_rx</name>
        <version>1.12</version>
        <moduleInfo>
            <moduleName>r_ether_rx</moduleName>
            <fileVersion>1.00</fileVersion>
            <formatVersion>1.00</formatVersion>
            <fileTemplate>r_pinset_type2</fileTemplate>
            <peripheralInfo>
                <peripheralName>ETHERC</peripheralName>
            </peripheralInfo>
        </moduleInfo>
    </selectedModules>
    <selectedModules>
        <name>r_sys_time_rx</name>
        <version>1.00</version>
    </selectedModules>
    <selectedModules>
        <name>r_t4_driver_rx</name>
        <version>1.06</version>
    </selectedModules>
    <selectedModules>
        <name>r_t4_rx</name>
        <version>2.06</version>
    </selectedModules>
    <installedModules>r_bsp:3.40</installedModules>
    <installedModules>r_cmt_rx:3.00</installedModules>
    <installedModules>r_ether_rx:1.12</installedModules>
    <installedModules>r_sys_time_rx:1.00</installedModules>
    <installedModules>r_t4_driver_rx:1.06</installedModules>
    <installedModules>r_t4_rx:2.06</installedModules>
    <fitProject>true</fitProject>
</FITMODULE>
